深圳市万彩玲珑包装制品有限公司,数据分析专员,NULL,NULL,NULL,印刷/包装/造纸,民营/私企,NULL,规模 21－50人,NULL,深圳 宝安区,5000-8000,"['年终奖', '五险一金', '领导易相处', '晋升空间大', '员工培训']",全职,经验应届生,大专,"['岗位职责', '1.', '接受营销主管的管理，对营销主管负责', '2.', '辅助完成数据分析项目过程中的数据提取、数据分析、数据展示工作，编制数据分析报告；', '3.', '理解业务的方向和战略，开发有效的数据模型；', '4.', '协助形成分析报告，提供数据支持，确保准确性、实用性及可衡量性；', '5.', '通过用户行为分析，为产品、流程改进和技术解决方案提供基于运营数据分析的支持；', '6.', '积极完成其它临时性工作。', '二：岗位要求：', '1.', '大专及以上学历，可接受优秀应届毕业生；', '2.', '工作细致，有耐心，善于沟通组织协调、具有一定的问题解决能力；', '3.', '对数据敏感，较好的逻辑分析能力，喜欢数据分析工作；', '4.', '喜欢并有志于从事数据挖掘、信息分析、市场分析及相关行业的分析研究。', '5.', '为人谦虚有礼貌，具有团队精神', '6.', '服从领导安排积极工作，努力完成业绩目标', '7.', '欢迎应届毕业生加入', '三：薪酬待遇', '1.', '实习期：无责任底薪4500', '2.', '转正后：无责任底薪5000+5500（因人而异）+高额提成+年终奖+五险一金。（三个月后转正）', '3.', '表现优异者有额外奖金。', '4.', '休息休假：国家规定的法定节假日+带薪年假+带薪婚育假；', '5.', '上班时间：周一至周五（早上9:00-12:00；下午13:30-18:00）；法定节假日放假；']",2017-2-25,中华英才网
深圳超富资产管理有限公司,数据分析岗,NULL,NULL,NULL,证券,民营/私企,NULL,规模 101－300人,NULL,深圳 南山区,10000-15000,"['绩效奖金', '节日福利', '优秀人才多', '领导易相处', '项目奖金', '帅哥美女多', '员工培训', '年终奖', '员工旅游', '晋升空间大', '五险一金', '带薪年假', '更多']",全职,经验2年,大专,"['岗位职责', '1、深入理解公司业务需求，搭建公司大数据风控体系和平台；', '2、参与风险管理部基于客户、商户基本信息、交易信息的数据分析和数据挖掘模型的研究，协助提升风控系统风险识别准确性；', '3、对风控数据进行统计分析，发现数据中的相关关系，为风控模型创建并筛选变量，为风险政策的优化提供数据支撑；', '4、对风控数据进行挖掘，利用统计分析、决策树、回归算法、机器学习或时间序列等技术建立信用风险预测模；', '5、分析统计并发送逾期报表、业务报表等风险管理部日常报表；', '6、对接财务完成对催收部门绩效统计及考核；', '岗位要求：', '1、本科及以上学历，统计学、数学等相关专业；', '2、一年以上数据分析相关工作经验；', '3、熟练使用SQL、Excel、SAS或其他分析软件；', '4、工作严谨认真，有一定的抗压能力。']",2017-2-28,中华英才网
深圳中谊国际人才智力开发有限责任公司上海分公司,大数据分析专家,NULL,NULL,NULL,移动互联网,股份制,NULL,规模 21－50人,NULL,深圳 南山区,30000-40000,"['年终奖', '绩效奖金', '五险一金']",全职,经验3年,本科,"['岗位职责', '1、根据业务需求，运用数据挖掘技术，开发、验证、监控及维护申请，贷后评估模型；', '2、对欺诈风险、信用风险进行量化分析，为信贷政策的制定和调整、贷后管理、催收管理等提供决策依据；', '3、根据业务发展和公司需求，撰写专项分析报告，支持战略及运营决策；', '4、负责海量用户库的设计、信息分析和处理；', '5、负责互联网金融大数据分析和处理。', '\xa0', '任职要求：', '1、全日制统招硕士研究生或博士研究生学历，计量统计、金融、数学、统计学等相关专业优先；', '2、有较强的逻辑思维能力、数据挖掘和分析能力，熟练使用spss/excel/数据库等数据分析工具，至少熟悉一种开源数据挖掘工具；', '3、有互联网金融或金融公司大数据分析、数据挖掘等相关工作经验优先考虑；']",2017-3-16,中华英才网
深圳成德广营科技有限公司,数据分析统计,NULL,NULL,NULL,消费品,民营/私企,NULL,规模 21－50人,NULL,深圳 福田区,5000-7999,"['交通补贴', '餐饮补贴', '话费补贴', '住房补贴']",全职,,大专,['岗位职责'],2017-3-22,中华英才网
京东-华南分公司,运营数据分析岗,NULL,NULL,NULL,电子商务,上市公司,NULL,规模 500人以上,NULL,广州 黄埔区,面议,"['五险一金', '带薪年假', '年终奖', '绩效奖金', '股票期权', '带薪病假', '餐饮补贴', '免费班车', '节日福利', '员工培训', '定期体检', '工作内容有趣', '办公室漂亮', '优秀人才多', '晋升空间大', '更多']",全职,经验1年,大专,"['岗位职责', '""1.负责费用报销、费用申请和预提，车队的油耗管理等；', '2.负责车队的数据录入、提交，车队司机的考勤等；', '3.车队物资的申请、管理，及车队的后勤事宜。""', '任职要求：', '""1.能熟练操作电脑，使用办公软件；', '2.了解EXCEL的函数使用， 工作细心；', '3.能吃苦耐劳，愿意长期发展。""']",2017-3-25,中华英才网
京东-西南分公司,运营数据分析岗(013191),NULL,NULL,NULL,电子商务,上市公司,NULL,规模 500人以上,NULL,成都 武侯,面议,"['五险一金', '绩效奖金', '节日福利', '年终奖', '股票期权', '带薪年假', '带薪病假', '餐饮补贴', '员工培训', '定期体检', '免费班车', '工作内容有趣', '办公室漂亮', '优秀人才多', '晋升空间大', '更多']",全职,经验1年,大专,"['岗位职责', '1、负责费用报销、费用申请和预提，车队的油耗管理等。', '2、负责车队的数据录入、提交，车队司机的考勤等。', '3、车队物资的申请、管理，及车队的后勤事宜。', '任职要求：', '1、能熟练操作电脑，使用办公软件。', '2、了解EXCEL的函数使用， 工作细心。']",2017-3-25,中华英才网
京东-深圳平台,离线数据分析开发(016623),NULL,NULL,NULL,电子商务,上市公司,NULL,规模 500人以上,NULL,深圳 宝安区,面议,"['五险一金', '带薪年假', '年终奖', '绩效奖金', '股票期权', '带薪病假', '餐饮补贴', '定期体检', '员工培训', '节日福利', '免费班车', '工作内容有趣', '办公室漂亮', '优秀人才多', '晋升空间大', '更多']",全职,经验3年,本科,"['岗位职责', '1、负责业务需求相关的数据仓库应用产品设计、开发、维护工作；', '2、负责数据预处理和实时系统的设计和开发；', '3、负责数据仓库ETL流程的优化及解决ETL相关技术问题；', '4、参与相关系统的建设、运营和维护工作，保证系统稳定可靠运行。""', '任职要求：""本科及以上学历，计算机、数学相关专业，3年及以上开发经验；', '熟练分布式平台开发，例如HADOOP、SPARK、STORM，熟悉分布式平台工作原理；', '熟练使用Java，C++语言之一，有Shell、Python脚本开发经验者之一优先；', '熟悉mysql、oracle等关系型数据库，具有实际开发经验；', '具有强烈的责任心以及团队合作精神，良好的分析问题解决问题的能力，具有较强沟通能力。""']",2017-3-25,中华英才网
深圳兆亮照明有限公司,数据分析经理,NULL,NULL,NULL,电子商务,民营/私企,NULL,规模 101－300人,NULL,深圳 宝安区,20000-30000,"['年终奖', '绩效奖金', '带薪年假', '五险一金', '弹性工作', '员工培训', '下午茶充足', '节日福利', '员工旅游', '免费班车', '办公室漂亮', '优秀人才多', '领导易相处', '晋升空间大', '单身多', '更多']",全职,经验5年,本科,"['岗位职责', '1、根据分析需求，制定数据采集标准和目标；对原始数据进行清洗，并建立清洗标准和数据集市；', '2、对多数据源数据进行挖掘分析，建模分析并优化；', '3、满足研发和运营等部门的业务需求和决策需求；', '4、能根据业务特点选择最合适的数据挖掘算法，并做调优；', '5、构建、维护和优化数据挖掘平台，使之适应于不断变化的数据量和业务需求；', '6、利用BI工具或其他方式展示数据，撰写统计报告。 ', '任职要求：', '1、数学、统计或计算机相关专业本科及以上学历，能力优秀，可放宽；', '2、熟悉至少一种关系型数据库，熟悉文件系统原理更佳；', '3、精通数据挖掘工具的使用，有2-3年的大规模数据挖掘经验；', '4、热爱技术，有很强的学习能力和分享精神；良好的逻辑思维能力及独立思考能力；', '5、良好的编程基础，对数据结构和算法有深刻了解，熟练使用C++,C#,Java中的一种或多种；', '6、熟悉常用的数据挖掘，机器学习算法，以下至少一类算法有深入的应用和理解：分类，聚类，关联，协同过滤；', '7、熟悉多种数据源深度诊断性组合分析、挖掘和建模；', '8、BAT、华为等相关互联网工作经验者优先。']",2017-3-23,中华英才网
深圳市中正汇智投资有限公司,人才需要机遇，更需要伯乐 高薪急聘数据分析助理 底薪6k ,NULL,NULL,NULL,金融,股份制,NULL,规模 101－300人,NULL,深圳 福田区,8000-16000,"['五险一金', '绩效奖金', '交通补贴', '餐饮补贴', '弹性工作', '节日福利', '员工旅游', '工作内容有趣', '办公室漂亮', '地处繁华商圈', '办公装备高档', '晋升空间大', '豪华团建', '更多']",全职,经验2年,大专,"['岗位职责', '每个月薪资2000，随随便便找一个文职工作就可以了，', '每个月薪资5000，只要加一点班就差不多已经达到了。', '如果您想通过自己的努力月薪5位数，金融这个行业恰好可以达成您的愿望。', '用你的努力去经营一份属于自己的事业', '交易分析是一个新兴的职位，大多数人对这个职位都不太熟悉，所以一个专业的培训体系对交易分析的成长是最重要的。', '中汇富为您提供一个（入门）岗位：数据分析助理', '工作内容：', '1.(协助交易经理)在电脑网络平台上，对国际金融行情进行数据分析和判断。', '2.按照直属领导要求，进行技术和基本面规律的分析，进行数据的搜集或整理。', '3. 严格执行公司各项制度，并定期整理交易数据，向上级领导账户分析结果。', '4. 配合其他部门相关工作。', '5.遵守公司的各项管理制度，承办领导交办的其他工作。', '任职要求：', '1.中专及其以上学历，年龄20-45岁之间，性别不限,专业不限； 退伍军人、应届毕业生均可。', '2.接受免费统一的专业学习培训和模拟训练。', '3.成绩优秀的将逐步晋升为中级、高级。', '4.认同公司的发展理念， 愿意与公司共同发展。', '5.具有很强的工作责任心和团队合作精神。', '6.有一定学习能力和较强的执行力。', '薪资待遇：', '初期底薪6000+车补+饭补+高温补助+五险一金+年底双薪', '晋升空间：', '中汇富注重人才的培养与选拔，随着公司的快速发展，为员工提供了广阔的晋升空间。每三个月都会有一次升职机会，每次底薪涨幅4000-5000岗位分红 +10%', '接触金融行业b格从此高大上，总有一天能实现经济自由', '让您有机会从灰姑娘到白富美，也能让众多潘磕嫦成功', '让家庭条件不好的翻身把歌唱，也能让条件不错的证明自己能力', '加入中汇富过有钱任性的生活，过你想过却还不能实现的生活', '如果心动，那就立即申请职位吧。投递简历请不要重复哦~ 也可直接与我联系~', '联系方式：13129543655 杨经理', '公司地址：福田区车公庙创新科技广场1期A座1501']",2017-3-25,中华英才网
深圳市名瑞德国际金融服务有限公司,技术类岗位，6k-10k金融市场数据分析，外汇市场交易,NULL,NULL,NULL,证券,民营/私企,NULL,规模 500人以上,NULL,深圳 福田区,6000-10000,"['年终奖', '绩效奖金', '股票期权', '五险一金', '带薪年假', '交通补贴', '弹性工作', '员工培训', '下午茶充足', '员工旅游', '优秀人才多', '晋升空间大', '豪华团建', '帅哥美女多', '单身多', '更多']",全职,经验应届生,大专,"['岗位职责', '初级交易员：6000底薪 + 提成20% + 岗位补贴+年终奖+社保（月收入8000-11000）', '中级交易员：12000底薪+ 提成30% + 岗位补贴+年终奖+社保（月收入11000-20000）', '高级交易员：15000底薪+ 提成40% + 岗位补贴+年终奖+社保（月收入20000-50000）', '晋升路线：', '1、公司关注员工的发展，为每个层级的员工制定了发展计划：', '专业发展路线：初级交易员-&gt;中级交易员-&gt;高级交易员-&gt;资深交易员-&gt;专家交易员', '管理发展路线：初级交易员-&gt;中级交易员-&gt;高级交易员-&gt;交易辅导老师-&gt;交易经理-&gt;交易团队经理-&gt;交易总监', '2、透明，公正，公开的考核制度，可以让您的职业规划的更加清晰。', '岗位描述 ：', '1、热爱金融行业，有强烈的意愿进入金融投资领域，渴望成为金融职场中的精英。', '2、具有良好的自我学习能力与团队合作精神。', '3、具有良好的职业操守，有强烈的责任感。', '4、无论你之前从事什么行业、学历如何，在这个行业里只要你敢于挑战自我，勇于探索并发现自己的潜力，高收益不是梦想。 5、公司内部气氛融洽，共同发展，有灵活的晋体系和广阔的前景。', '6、提供免费的专业岗前培训，为您提供广阔的职业发展机会。', '岗位职责 ：', '1、负责公司指定客户账户或配资账户的资金运作。', '2、专业不限，经济类、理工类专业优先。', '3、人品端正，谦虚好学，自信果敢。', '4、有很强的数据运算能力及宏观经济数据分析能力。', '5、公司提供完善的免费提高培训。', '福利待遇 ：', '1、条件符合者，公司将统一安排专业职业技能培训；', '2、做五休二、OFFICE作息时间，无需加班；', '3、正式员工享受带薪培训、带薪年假、定期体检，一年四次旅游，每月多聚餐游', '4、完善成熟的晋升渠道，专业的职业生涯规划，助你成为金融行业精英', '工作时间：朝九晚五 周一到周五', '直接投递简历，公司会当天审核，审核通过后会通知面试。', '――――――――――――――', '公司名称：深圳名瑞德国际金融服务有限公司', '公司地址：深圳市福田区车公庙中国有色大厦1402', '乘车路线：地铁1号线 7号线 9号线 11号线 车公庙站D1（或D2）出口即达（中国有色大厦）', '人事经理：吴经理', '联系电话：15889791724  企业QQ：3310305602', '（对职位有疑问或有兴趣者，请积极与HR联系）']",2017-3-25,中华英才网
中国移动（深圳）有限公司,数据分析工程师-QSYW,NULL,NULL,NULL,通信设备,其他,NULL,规模 500人以上,NULL,深圳 福田区,面议,['五险一金'],全职,经验1年,本科,"['岗位职责', '1、负责运营业务的数据质量管理工作及业务分析工作；', '2、负责承接集团、省公司、国际公司等外部单位及部门内部的各类分析需求，出具分析报告；', '3、负责应用先进的统计建模、数据挖掘、机器学习方法建立数据模型解决实际问题，并研发创新方法以解决常规算法不能解决的问题；', '4、负责基础数据和算法的研发和优化；', '5、负责省公司、国际公司等外部单位业务支撑系统架构学习和研究工作，对省公司业务支撑系统的业务和技术规范进行跟踪；', '6、负责对各类分析任务中发现的问题，进行跟踪、定位、分析工作。', '任职要求：', '1、大学本科及以上学历；具备数据统计、数据分析、数据挖掘理论和技术基础；', '2、了解移动通信行业发展趋势，熟悉移动通信工作；', '3、熟悉大规模用户数据分析和处理技术，熟练应用当今主流数据库、数据挖掘工具处理和分析数据；', '4、有统计，数据挖掘的理论和实践基础，能够沉淀分析思路与框架，为业务发展提供决策支持；']",2017-3-25,中华英才网
上海伯豪生物技术有限公司,生物信息研发工程师（数据分析） ,NULL,NULL,NULL,其他行业,其他,NULL,规模 101－300人,NULL,上海 浦东新区,8000-10000,"['五险一金', '交通补贴', '话费补贴', '带薪年假', '定期体检', '节日福利', '员工培训']",全职,经验应届生,本科,"['岗位职责', '1.   利用各类生物信息软件和统计学方法进行生物数据的分析研究；       ', '2.   根据生物医学行业趋势，对新软件和分析流程进行研发和创新；', '3.   对已有生物信息流程进行升级和改造优化。', '任职要求：', '1.   生物学、计算机、数学、遗传学、生物信息学等相关专业，本科以上学历，有癌症基因组学，群体遗传学，疾病遗传学分析经验者优先；', '2.   熟悉常用的生物网站、数据库及相关软件，熟悉linux操作系统，至少掌握python/perl/R/matlab中的两种编程语言，拥有良好的编程能力或优秀的生物学基础；', '3.   对生物统计学的原理及意义有较为深刻的理解及应用能力，耐心仔细，积极好学；', '4.   具有良好的中英文阅读写作能力, 熟练阅读相关领域专业英文文献；', '5.   具备优秀的团队协作能力，良好的理解能力和沟通能力 。']",2017-3-16,中华英才网
上海燕致网络科技有限公司深圳分公司,数据分析经理/主管,NULL,NULL,NULL,移动互联网,其他,NULL,规模 101－300人,NULL,深圳,18000-25000,"['五险一金', '绩效奖金', '年终奖', '节日福利']",全职,经验3年,大专,"['岗位职责', '1、统计学、金融、数学、计量经济学、计算机等专业本科及以上学历，5年以上互联网行业、互联网金融行业数据分析挖掘从业经历者优先；', '2、具有数据分析和逻辑推理能力，至少熟悉一种统计分析或数据挖掘工具sas、spss、r等统计软件，对基本统计知识（聚类、相关、决策树、回归分析等）有一定的了解和实践经验；', '3、熟悉至少一种目前主流的数据库，如oracle、sql server等；', '4、熟悉hadoop、hive、mahout、spark、storm等大数据相关技术的开发与部署 ；', '5、具备良好的沟通能力和团队合作精神，能独立完成挖掘项目的规划和实施。', '岗位职责：', '1、能够深刻理解公司的业务模式，进一步发现客户、产品、运营、市场等需求和风险，撰写数据挖掘项目分析方案，并提出可行性和价值性的结论和建议，给予公司运营决策参考支持；', ' 2、具有2年以上数据团队管理、KPI设计及评估经验；', ' 3、负责对海量业务数据进行深度及多维度分析，如：用户画像、行为特征、属性、预测、关联度模型等分析，并建立有效的数据运营及预测预警评估模型；', '4、负责主导相关专题及市场等调研项目挖掘分析，并参与推动数据转变为商业运营价值；', '5、负责对行业信息和竞争品牌数据进行挖掘分析反馈。', ' ']",2017-02-20,中华英才网
现代牙科器材(深圳)有限公司,经营/数据分析专员,NULL,NULL,NULL,制药/医疗,其他,NULL,规模 101－300人,NULL,深圳,6000-10000,"['五险一金', '节日福利', '住房补贴']",全职,经验1年,本科,"['岗位职责', '1. 建立公司数据库及数据分析模型 ', '2. 收集、统计、汇总分析各项运营数据，对数据进行深度挖掘，提供分析报告并提出改进意见； ', '3. 公司经营成本,产品,销售等全盘数据的整合和分析,为公司管理层提供决策支持 ', '4. 不定期为管理层提供专项分析报告 ', '岗位资格： ', '1. 本科学历，统计学，经济学，应用数学类相关专业； ', '2. 一年以上数据分析相关工作经验； ', '3. 具有出色的数据组织、处理、分析能力、数据逻辑判断能力，良好的运营动态敏感性和洞察力，能够独立编制综合分析报告； ', '4 .熟练操作excel，掌握多种统计和挖掘方法，熟练操作至少一种 数据处理软件工具 ', ' ']",2017-02-21,中华英才网
广东省广播电视网络股份有限公司中山分公司,数据分析工程师,NULL,NULL,NULL,政府/非赢利机构/其他,其他,NULL,规模 101－300人,NULL,深圳,6001-8000,"['五险一金', '绩效奖金', '定期体检', '节日福利', '节日福利']",全职,经验1年,本科,"['岗位职责', ' 广东省中山市', ' 岗位职责：', ' 1、协助经营分析系统的建设和维护；', ' 2、参与数据分析项目的建设，为业务部门提供日常数据统计与分析；', ' 3、参与部分业务运营支撑系统的建维工作。', ' 任职要求：', ' 1、统计、数学、计算机等相关专业； ', ' 2、熟悉数据库,数据挖掘，spss，sas, R 等； ', ' 3、掌握仿真工具matlab/NS2/CPLEX，有独立承担项目经验者优先；', ' 4、985/211类院校优秀应届毕业生亦可。']",2017-02-22,中华英才网
百佳(超市)有限公司,数据分析员,NULL,NULL,NULL,消费品,其他,NULL,规模 101－300人,NULL,深圳,6001-8000,['带薪年假'],全职,经验3年,本科,"['岗位职责', ' 职位描述:', ' 工作职责：', '1. 及时提供数据供管理层或采购决策；', '2. 通过报表开发、数据分享帮助采购更有效达成业绩；', '3. 对采购部预算及KPI进行拆分；', '4. 分析采购各项业绩达成；', '5. 对采购部费用的分析监控；', '6. 对商品品类及供应商定期进行分析，为采购提供数据支持；', '7. 跟进合同条款谈判及进度监控；', '8. 跟进业务流程监控结果；', '9. 开发报表，提高工作效率；', '10. 与其他部门协调沟通。', '岗位要求：', '1. 本科或以上学历，具有三年或以上数据分析经验，并具有两年或以上零售业工作经验（优秀毕业生亦可考虑）；', '2. 具有较强的数据处理分析能力，熟练使用数据分析工具（如EXCEL、 ACCESS、BUSINESS OBJECT 及其它数据库工具），熟悉公式函数的应用；', '3. 细心负责，逻辑思维强，具团队合作精神，沟通能力强。', ' ', ' ', ' ']",2017-02-22,中华英才网
中新智擎有限公司,数据分析和采集实习生,NULL,NULL,NULL,IT/互联网,其他,NULL,规模 101－300人,NULL,深圳,2000-4000,"['绩效奖金', '员工旅游', '节日福利']",实习,经验1年,本科,"['岗位职责', '1.协助数据库工程师完成数据分析工作。', '2.完成上司安排的工作任务。', ' 任职要求：', '1.大三或者大四在校生。', '2.对数据分析有浓厚的兴趣。', '3.要求计算机软件或者电子工程等相关专业，有一定的图像处理和编程能力。', '4.能主动沟通，又较强的责任心和团队协助能力。', ' ']",2017-02-22,中华英才网
健康元药业集团股份有限公司,商务专员（流向数据分析）,NULL,NULL,NULL,制药/医疗,其他,NULL,规模 101－300人,NULL,深圳,4001-6000,"['五险一金', '餐饮补贴', '带薪年假', '节日福利', '节日福利', '定期体检']",全职,经验1年,大专,"['岗位职责', ' 岗位职责', ' 1. 每月根据商业流向和库存数据进行数据整理及销量划拨的计算。', ' 2. 根据省公司资料申请进行资料整理盖章邮寄等工作。', ' 3. 对经销商的协议进行审核盖章等工作。', ' 4. 对分部涉及流向的费用申请进行流向核对审核。', ' 5. 对分部申请的商业价格基金及二级商返利进行审核拨付核销。', ' ', ' 任职资格', ' 1. 大专以上学历，专业不限；', ' 2. 具有1-2年工作经验，擅长处理数据工作；', ' 3. 熟悉OFFICE办公软件，熟练操作EXCEL；', ' 4. 具有较强的沟通、表达能力和团队合作精神。', ' ']",2017-02-22,中华英才网
深圳市精邃统计师事务所有限公司,数据分析工程师（外派宝安区政府部门）,NULL,NULL,NULL,专业服务,其他,NULL,规模 101－300人,NULL,深圳,4001-6000,"['五险一金', '节日福利', '商业保险', '节日福利']",全职,经验1年,本科,"['岗位职责', ' 1、做好办公室文件的收、发工作。', ' 2、做好各项会议的接待工作。', ' 3、做好领导发言材料的撰写、总结等工作。', ' 4、做好协调、辅助性方面工作。', ' 5、完成领导交待的其他工作任务。', ' ', ' 任职要求：', ' 1、本科学历，年龄在20-28岁，优秀应届毕业生亦可以考虑。', ' （经济、会计、统计、计算机等专业，或有会计经验的，可优先考虑）', ' 2、沟通能力强，形象良好；', ' 3、责任心强，细心，能承受一定的工作压力；', ' 4、具备一定的文字写作能力；', ' 5、能熟练使用word、excel等办公软件', ' ', ' 工作地点：宝安中心区政府']",2017-02-22,中华英才网
深圳市前海鹏悦普惠信息咨询有限公司,数据分析员（运营部）,NULL,NULL,NULL,金融,其他,NULL,规模 101－300人,NULL,深圳,4001-6000,"['五险一金', '带薪年假', '定期体检', '员工旅游', '节日福利']",全职,经验1年,本科,"['岗位职责', ' 1、负责数据采集、清理、分析、建模、解释、总结、结果展示；', ' 2、能准确、及时的完成数据分析日常工作，如：客户分析、业绩分析等等；', ' 3、通过数据对公司各个流程环节进行分析评估诊断，优化运营流程，提升效率；', ' 4、为公司各层面运营工作提供数据支持，形成报表。', ' ', ' 应聘要求：', ' 1、本科以上学历，应用数学、统计学或者金融学专业优先；', ' 2、1年以上工作经验，具有P2P行业相关工作经验者优先；', ' 3、熟练使用数据库语言；熟练Excele、函数及数据透视表；', ' 4、有责任心，工作独立性强，良好的团队合作精神，积极上进，具备良好的学习能力。']",2017-02-22,中华英才网
深圳市玩呗娱乐科技有限公司,销售数据分析,NULL,NULL,NULL,其他行业,民营/私企,NULL,规模 21－50人,NULL,深圳 福田区,5000-8000,"['年终奖', '话费补贴', '交通补贴']",全职,,大专,['岗位职责'],2017-02-24,中华英才网
深圳中兴飞贷金融科技有限公司,数据分析工程师,NULL,NULL,NULL,金融,其他,NULL,规模 101－300人,NULL,深圳,10000-20000,"['五险一金', '绩效奖金', '带薪年假', '定期体检', '节日福利', '节日福利']",全职,经验1年,本科,"['岗位职责', ' 1、对公司数据进行分析、监控和挖掘；', ' 2、分布式平台应用开发（Hadoop/CDH）；', ' 3、开发数据自动化分析处理和统计工作；', ' 4、支撑各业务线数据需求。', ' ', ' 任职要求：', ' 1、丰富的JAVA/Python开发经验，对数据结构和算法设计有较为深刻的理解；', ' 2、有推荐，搜索戒者广告相关工程实践经验；', ' 3、熟悉Shell/Python等脚本语言，善于分析日志，对数据有敏锐的洞察力；', ' 4、熟悉Hive/Kudu/Impala/Hadoop等大数据分析工具；', ' 5、熟悉大规模数据挖掘、机器学习戒者自然语言处理等相关技术；', ' 6、良好的团队鹤骶神，较强的沟通能力；主动性强，有很强的自我驱动力；', ' 7、良好的逻辑思维能力和数据分析能力，对挑嵝晕侍獬渎激情。', ' ']",2017-02-23,中华英才网
深圳云凌国际信息技术有限公司,零基础项目数据分析助理（五险一金/提成）,NULL,NULL,NULL,IT/互联网,其他,NULL,规模 101－300人,NULL,深圳,4500-5500,"['五险一金', '绩效奖金', '节日福利', '餐饮补贴', '住房补贴', '带薪年假', '弹性工作']",实习,经验1年,大专,"['岗位职责', ' 1、年龄在18 - 30岁，想在软件IT行业有长期的发展；', ' 2、性格开朗、乐于沟通，勤奋好学、吃苦耐劳；', ' 3、有团队合作精神，有良好的沟通能力、表达能力；', ' 4、可接收转行，无经验可实习；', ' ', ' 福利待遇：', ' 1、享受法定休假，绩效奖励、年底双薪、带薪休假；', ' 2、提供住宿交通补贴、午餐补贴、通讯补贴、社保+人身意外伤害商业保险；', ' 3、完善的员工内训制度，高效的工作环境和氛围；', ' 4、高速成长的个人发展机会，积极进取的企业文化，与公司共同成长的挑战；', ' 5、提供住宿（环境优良，内有空调，有宽带）；', ' ', ' 工作时间：', ' 5天8小时制，早上9：00到下午6：00，中午休息1.5小时，周六日双休。', ' ', ' 联系方式：0755-66804363 15817333704 黄先生（主动来电者优先录取）', ' ']",2017-02-23,中华英才网
深圳市猎小智网络科技有限公司,资深数据分析师,NULL,NULL,NULL,移动互联网,其他,NULL,规模 101－300人,NULL,深圳,30001-50000,['绩效奖金'],全职,经验5年,本科,"['岗位职责', ' 1.负责产品的数据分析工作，挖掘数据分析需求，制定并实施分析方案，并根据数据分析结果为产品的改进提出合理化建议；', ' 2.结合分析结果及对业务需求的深入理解，设计业务指标体系及数据产品并驱动研发;', ' 3.承担并推动团队技术成长.', ' ', ' ', ' 任职要求：', ' 1.本科以上学历，扎实的统计学、数据挖掘、机器学习理论基础；', ' 2.具有扎实的计算机操作系统、数据结构等编程基础，熟悉Java、Python语言；', ' 3.深入理解Map-Reduce模型，对Hadoop、Hive、Spark、Storm等大规模数据存储与运算平台有实践经验；', ' 4.有一年以上互联网公司或海量数据处理工作经验，大数据挖掘、分析、建模经验；', ' 5.熟悉聚类、分类、回归等机器学习算法实现，对常见的核心算法理解透彻，有实际建模经验。', ' ']",2017-02-23,中华英才网
深圳市财蜂金融服务股份有限公司,数据分析师,NULL,NULL,NULL,金融,其他,NULL,规模 101－300人,NULL,深圳,10001-15000,['绩效奖金'],全职,经验3年,本科,"['岗位职责', ' （1）负责相关数据应用的框架、算法的设计；', ' （2）负责用户行为分析研究，潜在用户挖掘、用户细分、用户流失预警、用户生命周期分析、用户影响力分析、用户价值分析等相关用户行为研究', ' （3）负责现有数据库的优化工作，提出有效的容灾方案以及单点故障方案', ' （4）建设推进公司数据分析体系，监测数据调整运营状况，处理各类数据为公司决策提供依据;', ' （5）负责业务数据收集整理，对多种数据源的进行深度诊断性组合分析、挖掘、深度分析和建模；为公司运营决策、产品方向、销售策略、媒体投放策略提供数据支持;', ' （6）参与、组织客户调研，定期提供数据分析报告，并与相关同事沟通并推进以上结果;', ' （7）跟进产品的分析需求，撰写业务分析报告，结合数据趋势提出产品阶段性优化建议,为产品运营提供可靠的数据支持；', ' （8）根据公司业务需求对网站监测系统进行设置、部署，以取得正确的数据用作分析;', ' （9）网站流量、用户行为、广告渠道、网站转化的数据提取与报表分析;', ' （10）负责网站产品、广告及活动的效果评估，提出优化方案；', ' （11）定期编制统计报表及分析简报;', ' ', ' 任职要求：', ' （1）本科及以上学历，数理、统计、经济类专业优先考虑；', ' （2）年龄25-35岁，电脑操作熟练；', ' （3）具有深厚的统计学、数学、人工智能和数据挖掘知识基础，精通数据挖掘方法论；', ' （4）具备数理统计理论基础，并熟悉常用的统计工具软件，如SASEnterprise、SPSS等数据挖掘工具；', ' （5）良好的沟通能力，口头表达清楚流利，有较强的写作能力；', ' 注:有金融分析经验! clear', ' ']",2017-02-23,中华英才网
珠海易健科技有限公司,大数据分析开发工程师,NULL,NULL,NULL,制药/医疗,其他,NULL,规模 101－300人,NULL,深圳,15000-30000,['节日福利'],全职,经验1年,硕士,"['岗位职责', ' 职责：', ' 负责大数据软件的开发，包括大规模分布式与并行软件的关键模块设计和开发工作、机器学习模块软件开发、数据建模软件开发、数据分析和数据仓库软件开发等，打造业界最佳的高可靠、高性能、可扩展的分布式与并行软件开发平台、大数据建模分析平台等，相关技术主要涉及机器学习、分布式与并行计算、分布式数据、分布式算法、大规模分布式存储和资源管理调度等相关领域', ' 要求：', ' 1、 熟悉&amp;精通C/C++/Java/Scala/Go/Python语言编程其中一种或多种以及常用算法、数据结构，熟悉Linux系统及其下的开发经验；', ' 2、 对业界分布式和并行异构编程框架如Spark/Graph/hadoop/OpenMP/tensorflow以及SOA架构等熟悉者优先；', ' 3、 具有硕士或者博士学历（2016年和2017年应届生也可）；', ' 4、 具有良好的团队合作能力和沟通技巧，思路清晰，能够在压力下工作；', ' 5、 具备良好的听说读写英文能力，通过CET6级测试或相当水平。', ' 薪酬：面议。', ' ']",2017-02-23,中华英才网
深圳市奥晏科技发展有限公司,BI/数据分析,NULL,NULL,NULL,IT/互联网,其他,NULL,规模 101－300人,NULL,深圳,15001-20000,['绩效奖金'],全职,经验1年,其他,"['岗位职责', ' 2、熟练掌握Greenplum、OBIEE、Informatica产品，能根据用户需求进行复杂展现设计，并有不同应用模块设计方案能力及经验；', ' 3、负责模型设计和性能优化，输出RPD和OBIEE展现的设计；', ' 4、能熟练使用润乾报表工具开发生成业务报表优先；', ' 5、有ORACLE EBS、SAP CRM项目经验的优先考虑；', ' 6、工作态度踏实，沟通能力良好，有团队精神；', ' ']",2017-02-23,中华英才网
亚联财小额贷款,大数据分析工程师,NULL,NULL,NULL,金融,其他,NULL,规模 101－300人,NULL,深圳,10001-15000,"['五险一金', '年终奖', '带薪年假', '定期体检', '节日福利']",全职,经验1年,其他,"['岗位职责', '2.负责数据应用平台和产品的设计与研发；', '3.搭建Hadoop 集群，构建分布式计算框架；', '4.根据公司产品和业务发展特点，研究相关大数据产品和技术发展方向。', ' ', ' 任职要求：1.熟悉金融相关业务、互联网业务模式和用户行为分析模型；', '2.计算机或数学等相关专业，2年以上大数据系统分析、设计和实施经验；', '3.熟悉Hadoop，HDFS，Hive等分布式大数据技术；', '4.熟练掌握 Java 编程语言，并熟悉 Shell，Python 等一门以上脚本语言；', '5.逻辑思维能力强，对数据敏感，有较强的学习能力和创新思维；', '6.具备良好的沟通能力和文字表达能力，有较强的团队协作能力；', '7.具有大数据项目成功经验者优先。']",2017-02-23,中华英才网
广州天拓网络技术有限公司深圳分公司,数据分析师（管理岗）,NULL,NULL,NULL,政府/非赢利机构/其他,其他,NULL,规模 101－300人,NULL,深圳,6000-10000,"['五险一金', '绩效奖金', '带薪年假', '定期体检', '节日福利']",全职,经验3年,大专,"['岗位职责', ' 1、 负责报表统计和发布：业务日报/周报/月报/季报/年报、不定期报告等；', ' 2、 负责数据分析：及时发现和分析变化和问题，为业务发展提供决策支持；', ' 3、 负责提成核算：统计业务线提成，并对薪酬绩效考核及激励方案提出分析和修改建议；', ' 4、 负责业务指导监督：对业务策略、销售计划、工作流程、制度政策的执行进行指导、监督、考核；', ' 5、 负责业务总监的日常事务助理工作。', ' ', ' 任职资格', ' 1、 男女不限，一年以上数据处理分析相关工作经验者优先；', ' 2、 专科以上学历，统计学、财会经济类、营销类专业者优先考虑；', ' 3、 精通Excel2007表格和制作PPT，能够熟练运用各类函数统计处理数据；', ' 4、 强烈数据敏感度和写作能力，做事耐心细致，积极主动，具团队合作精神；', ' 5、 原则性强、抗压力强、良好应变和协调能力，有强烈的敬业精神与责任感。', ' ']",2017-02-23,中华英才网
深圳市美隆电子有限公司,数据分析师,NULL,NULL,NULL,IT/互联网,其他,NULL,规模 101－300人,NULL,深圳,6001-8000,"['五险一金', '餐饮补贴', '住房补贴', '带薪年假']",全职,经验1年,其他,"['岗位职责', ' 1、统计学、应用数学、计算机等相关专业，本科及以上学历； ', '2、熟练掌握多种统计和挖掘方法，熟练使用SPSS、SAS等相关数据分析软件； ', '3、较强的数据敏感度，逻辑分析能力和文档写作能力； ', '4、有责任心，良好的沟通能力和组织管理能力以及心理承受能力，勇于接受挑战； ', '5、有相关经验优先。', ' 数据分析师 工作内容', ' 1、通过数据分析支持产品改进及新模式的探索； ', '2、构建用户行为建模，支持个性化项目； ', '3、构建数据评估体系； ', '4、构建业务数据分析体系，帮助确定各项业务数据指标； ', '5、负责用户行为数据分析，通过监控及分析，推动产品改进，运营调整； ', '6、负责构建用户数据模型，挖掘用户属性及用户喜好等需求，为个性化产品推荐提供支持； ', '7、负责构建产品、运营及活动用户行为评估体系，通过数据分析对产品、运营、市场提出建议并推动实施； ', '8、负责用户行为调研，通过海量数据的挖掘和分析，形成报告，汇报给决策层，支持战略规划 。', ' ']",2017-02-23,中华英才网
formax金融圈,数据分析师,NULL,NULL,NULL,IT/互联网,其他,NULL,规模 101－300人,NULL,深圳,20001-30000,"['五险一金', '绩效奖金', '带薪年假', '定期体检', '员工旅游', '节日福利']",全职,经验3年,本科,"['岗位职责', ' 1、风控模型建立以及优化,其中以公司内部数据以及第三方数据为基础；', ' 2、每月风控宽表建立,输出以及异常情况总结；', ' 3、负责常规定期数据报告的整理和评估，向各相关部门推送报告，并沟通问题点和解决方案；', ' 4、对公司产品有关的各行业数据进行分析和建模,运用量化方法分析发现多源数据中的规律，设计数据采集方案，设计并调试模型；', ' 5、根据各方面资料数据产出实际决策点；', ' 6、对公司相关运营数据进行提取、多维度分析和整理，并根据数据分析结果提出业务策略建议；', ' 7、公司用户提交资料进行研究；', ' 8、与数据研究员共同完成周,月,季度,半年以及年固定收益类数据汇总；', ' 9、领导交办的其他工作,向高管内部汇报工作成果。', ' ', ' 岗位要求：', ' 1、本科及以上学历，统计学、数学、金融、计算机专业优先；', ' 2、有良好的统计学、机器学习等数据挖掘知识背景，了解风控模型、用户画像等模型建立具体流程和字段的认知度；', ' 3、运用统计软件进行数据分析和建模(SAS,R,PYTHON等)、有数据建模经验；', ' 4、熟练使用软件进行数据处理,数据分析等经验；', ' 5、较强的抗压能力，能承受工作中各种压力；', ' 6、良好的工作态度，勤勉敬业，有较强的团队协作意识。', ' ']",2017-02-23,中华英才网
深圳证券信息有限公司,高级数据分析师,NULL,NULL,NULL,IT/互联网,其他,NULL,规模 101－300人,NULL,深圳,10000-20000,"['五险一金', '绩效奖金', '带薪年假', '定期体检', '节日福利', '节日福利']",全职,经验3年,硕士,"['岗位职责', ' 主导数据分析核心算法的设计与实现，并负责分析过程与产品服务的对接。', ' 1、根据分析算法的设计方案，确定数据算法，完成算法设计说明书等技术文档；', ' 2、参与确定项目实施方案并贯彻执行，确保项目顺利上线；', ' 2.1 参与确定实施方案并贯彻执行；', ' 2.2 编写代码，实现分析算法的具体功能；', ' 2.3 检查并指导下属数据分析师的工作，并调优； ', ' 3、联络产品团队，实现算法与产品服务的对接；', ' 4、编写上线文档，实现算法的上线运行；', ' 5、领导交办的其他工作。', ' ', ' 任职要求：', ' 1、硕士以上学历，信息技术类或应用数学类专业；', ' 2、3年以上数据分析工作经验，具有证券从业资格；', ' 3、作为核心项目成员，参与至少2个大型项目设计与实施；', ' 4、掌握数理统计、数据挖掘等理论知识；熟悉Sql、Python、R等；熟悉证券市场相关知识；', ' 5、熟悉数据库及计算机编程语言，熟悉各类数据分析和数据挖掘工具，熟悉公司数据业务流程；', ' 6、熟练应用office办公软件；', ' 7、工作细致、积极主动，抗压能力强，想象力丰富，独立分析及决策能力和工作演示能力佳，团队工作能力强。']",2017-02-23,中华英才网
