公司名称,职位名称,职位标签,部门,公司简介,公司行业,公司性质,融资阶段,公司规模,公司主页,工作地点,薪资,职位诱惑,工作性质,经验,学历,职位简介,发布日期,来源网站
中国大百科全书出版社,数据分析工程师,NULL,NULL,NULL,文化/艺术/出版,国企,NULL,101－300人,NULL,北京 西城区,面议,"['五险一金', '带薪年假', '带薪病假']",全职,经验2年,硕士,"['职位介绍', '性别：不限', '|', '驾照：不要求', '岗位职责:', '1. 负责百科数据分析平台的设计、开发工作；', '2. 负责各种网络日志的采集、清洗、海量数据挖掘等工作；', '3. 负责百科数据平台数据分析、用户行为分析、设计算法模型等工作。', '任职资格：', '1. 硕士及以上学历，统计学、数学、计算科学与技术等相关专业，有丰富的相关工作经验者可放宽学历要求；', '2. 对数学以及算法有一定的研究，熟悉数据挖掘相关算法；', '3. 有搜索技术、网络爬虫或数据挖掘经验者优先；', '4. 善于学习新的知识，动手能力强，有进取心，具有良好的团队合作精神和高度的责任心。', '查看更多']",2017/3/21,中华英才网
,,,,,,,,,,,,,,,,,,
上海东藏文化传播有限公司,数据分析,NULL,NULL,NULL,奢侈品/收藏品,合资,NULL,500人以上,NULL,上海 徐汇区,5000-8000,"['年终奖', '绩效奖金', '带薪年假', '差旅补贴', '员工培训', '员工旅游', '节日福利', '优秀人才多', '晋升空间大', '豪华团建', '领导易相处', '项目奖金', '办公室漂亮', '工作内容有趣', '办公装备高档', '更多']",全职,经验1年,大专,"['职位介绍', '年龄：20-32岁', '|', '性别：不限', '|', '驾照：不要求', '岗位职责:', '1.建立业务特征的指标体系和相应的数据监测体系，撰写数据分析报告，为管理层和产品推广和销售策略提供有质量的数据支持', '2.支持各业务部门的数据需求，制定数据规范、建立分析模型，优化部门工作开展.', '3.对客户信息，客户习惯，销售数据，产品数据，活动效果的数据分析，从海量数据中发现价值，为公司运营决策、产品优化提供数据支持', '4.负责跟踪发现数据问题并多维度分析定位问题', '岗位要求：', '1.大学数学、统计学、计算机等相关专业本科或以上学历，1年以上数据分析或数据挖掘相关工作经验', '2.精通Mysql/SqlServer，对主流数据库有一定了解,能独立承担数据模型设计、存储规划', '3.精通office系列软件，能独立完成图表图像以及文字处理，完成数据分析报告', '4.熟练运用Ｒ、ＳＰＳＳ、ＳＡＳ等统计软件', '5.对数字/数据敏感，善于发现、获取客户需求，并转化为项目需求', '6.有JAVA相关开发经验者，电商从业经验者优先。', '查看更多']",2017/3/21,中华英才网
,,,,,,,,,,,,,,,,,,
北京易商通科技股份有限公司,数据分析,NULL,NULL,NULL,移动互联网,其他,NULL,101－300人,NULL,重庆,3000-5000,"['五险一金', '绩效奖金', '节日福利']",全职,经验1年,大专,"['职位介绍', '性别：不限', '|', '驾照：不要求', '岗位职责:', ' 1、大学专科以上学历；', ' 2、数学、统计、信息安全、计算机类专业；', ' 3、具备突出的数学分析思维、逻辑思维、结构化思维；', ' 4、具有一定的信息安全或计算机网络知识；', ' 5、口头表达清晰流畅；书面表达结构合理、条理清晰、文笔流畅；', ' 6、学习能力强，勤于思考；', ' 7、自信、主动、坚韧、团队合作性高。', '查看更多']",2017/2/16,中华英才网
,,,,,,,,,,,,,,,,,,
深圳市科安数字有限公司,数据分析师,NULL,NULL,NULL,电子商务,民营/私企,NULL,101－300人,NULL,深圳 龙岗区,5000-8000,"['年终奖', '绩效奖金', '带薪年假', '五险一金', '商业保险', '员工培训', '工作内容有趣', '办公室漂亮', '帅哥美女多', '领导易相处', '晋升空间大', '豪华团建', '办公装备高档', '更多']",全职,经验应届生,本科,"['职位介绍', '性别：不限', '|', '驾照：不要求', '岗位职责:', '1、整合销售数据、库存数据、供应商交期产能数据，对数据进行深度挖掘，编制分析报告并提供至相关部门；', '2、在部门负责人的指导下，构思数据分析方法及分析模板，深层分析销售数据所反映的问题，并从采购计划端提出解决对策；', '3、根据库存情况、需求异常变更、供应异常等情况及时调控订单及配货计划；', '4、负责上级领导安排的数据处理等相关事宜。', '任职要求：', '1、电商公司1年以上计划数据分析经验优先；', '2、数学、数据统计专业研究生优先；', '3、对数据反应敏锐，具有较强的数据分析、数据运算能力；', '4、具有良好的学习能力，主动性强，工作严谨，有责任感，具有较强抗压能力及一定沟通能力；', '5、具有较强的逻辑思维能力、购销协同意识及运营成本分析意识。', '公司福利：', '1、人性化管理/工作时间：大小周责任制(周一至周五：7.5小时/天，周六5小时；正常综合工作时间为160小时/月）；', '2、为员工购买社保及公积金；', '3、每天发放下午茶；', '4、加班员工给予加班餐费补贴；', '5、公司定期组织户外活动、公司及部门聚餐、不定期组织旅游活动；', '6、服务满一年，可享受带薪年假及国家各项有薪假期、福利假期；', '7、本年度转正员工均发放年终奖金；', '8、优秀员工参与激励政策，配备公司股份；', '9、公司设有年度调薪以及优秀员工的半年度调薪制度。', '查看更多']",2017/3/21,中华英才网
,,,,,,,,,,,,,,,,,,
成都主导科技有限责任公司,数据分析,NULL,NULL,NULL,机械/重工,民营/私企,NULL,500人以上,NULL,成都 青羊,3000-4000,"['员工培训', '免费班车']",实习,经验1年,大专,"['职位介绍', '性别：不限', '|', '驾照：不要求', '岗位职责:', '任职要求：', '1、大专以上学历，理工科专业；', '2、熟悉掌握office办公软件；', '3、学习能力强，工作稳定性强，责任心强，沟通及表达能力强；', '查看更多']",2017/3/21,中华英才网
,,,,,,,,,,,,,,,,,,
北京精真估信息技术有限公司,汽车数据分析专家（车型参配）,NULL,NULL,NULL,IT/互联网移动互联网,其他,NULL,101－300人,NULL,北京,15001-20000,['五险一金'],全职,经验5年,大专,"['职位介绍', '性别：不限', '|', '驾照：不要求', '岗位职责:', ' 1、建立数据产品和标准的设计、应用及信息反馈的体系和沟通渠道；', ' 2、监督执行数据检测产品设计、应用、改进和信息反馈的过程，对产品应用效果负责；', ' 3、收集可被应用的社会信息，并完成数据采集与采购工作；', ' 4、服务客户，建立良好的客户服务沟通渠道和方法，及时处理客户投诉；', ' 5、配合客户拓展工作，在客户方案设计、落地执行和实施过程等各阶段给予技术支持；', ' 6、组织讲师做系统使用培训，随新数据产品上线及时更新学员培训内容；', ' 7、建设和更新维护车型库及相关数据产品；', ' 8、保证数据的准确性、及时性与延展性；', ' 9、保持数据更新的可持续性、可执行性和应用的便利性，对数据的准确性负责；', ' 10、与各部门配合密切配合，根据用户信息反馈，及时更新并修正产品信息，已保证数据的准确性，必要时向上级反馈；', ' 11、负责团队建设，完成本部门的人员招聘、绩效考核及相关工作；', ' 12、上级交代的其他工作。', '查看更多']",2017/2/25,中华英才网
,,,,,,,,,,,,,,,,,,
天津鑫聚贤商贸有限公司,数据分析,NULL,NULL,NULL,移动互联网,民营/私企,NULL,21－50人,NULL,天津 河东区,3000-5000,"['绩效奖金', '五险一金', '工作内容有趣', '节日福利', '弹性工作', '领导易相处']",全职,经验应届生,大专,"['职位介绍', '性别：不限', '|', '驾照：不要求', '岗位职责:', '岗位职责：', '1、大专及以上学历，计算机及相关专业优先；', '2、热爱互联网行业，善于学习和总结分析；', '3、做事认真、细心、负责，能够专心学习技术；', '4、有良好的工作态度和团队合作精神；', '5、优秀的应往届毕业生可适当放宽条件；', '任职要求：', '1. 大专及以上学历，2016届应届生、2017届在读学生，计算机等专业优先，有相关基础的其他专业亦可', '，逻辑思维能力强的学生亦可', '2. 沟通能力佳，有团队意识。', '3.热爱互联网运营推广行业，认可鑫聚贤的公司文化', '4.善于学习和总结分析，有良好的工作态度和团队合作精神；', '工作时间：', '早9:00-晚5:30 双休 法定假日休息，带薪年假', '入职后：公司组织完善培训计划，新员工有老员工带领，并且公司提供全方位的办公环境和设施设备，', '能力居上者有广阔的晋升位置--项目经理。', '欢迎广大应届毕业生、有识之士加盟共同实现梦想，创造集团天津公司美好明天', '公司地址：河东区琛赢大厦2门1202（新开路远洋未来广场对面）', '查看更多']",2017/3/21,中华英才网
,,,,,,,,,,,,,,,,,,
苏州复承嘉华网络科技有限公司,数据分析,NULL,NULL,NULL,分类信息,民营/私企,NULL,20人以下,NULL,苏州 工业园区,6000-12000,"['绩效奖金', '五险一金', '交通补贴', '话费补贴', '餐饮补贴', '住房补贴', '员工培训', '节日福利', '办公装备高档']",全职,经验应届生,本科,"['职位介绍', '性别：不限', '|', '驾照：不要求', '岗位职责:', '【岗位要求】', '1、对产品参数、营销数据等数据进行数学上的模型分析及改善；', '2、对公司和产品相关的一些数据进行整理及分析；', '3、能够基于数据分析得到有价值的信息，为业务发展提供策略和建议；', '4、定期追踪业绩及其他关键业务指标情况，洞察到业务动作，提供决策基础；', '5、配合公司营运项目需求，及时提交分析报告；', '6、协助各业务部门完成数据整理、分析与利用，及时提供支持方面的工作；', '【任职资格】', '1、一本类211重点本科院校毕业，本科及以上学历，数学统计学等相关专业优先，熟悉Minitab等统计软件佳。', '2、具备卓越的数学分析能力及良好的计算机操作及文件编辑能力，数据敏感度与逻辑分析能力，能进行深度的数据信息汇总分析，提炼出有利于公司营运决策的信息；', '3、熟练操作excel，常规函数、数据透视表、图表制作等，能熟练运用ppt撰写分析报告；', '4、熟练应用SPSS、Eviews软件或其他统计分析软件；', '5、具备数据分析相关工作经验者优先；', '查看更多']",2017/3/21,中华英才网
,,,,,,,,,,,,,,,,,,
河南思维自动化设备股份有限公司,数据分析工程师,NULL,NULL,NULL,电子/半导体/集成电路,股份制,NULL,500人以上,NULL,郑州 高新技术开发区,6000-10000,"['五险一金', '绩效奖金', '带薪病假', '员工旅游', '员工培训', '免费班车']",全职,经验3年,本科,"['职位介绍', '性别：不限', '|', '驾照：不要求', '岗位职责:', '工作职责：', '1、负责研究先进、经济可行的可靠度评定试验手段、方法；', '2、负责具体项目的可靠度试验设计、试验执行与相关失效分析等；', '3、负责关键产品RAMS相关数据收集系统规划、建设；', '4、负责对产品RAMS数据进行分析、反馈和质量信息预警。', '任职资格：', '1、熟悉产品数据采集、分析处理方法，具备数据分析能力；', '2、熟练使用国际通行的RAMS保证方法，如可靠性预计、FRACAS运用等；', '3、熟悉CENELEC标准，特别是EN50126、50128、50129等RAMS相关标准；', '4、熟悉产品全寿命周期，有对产品进行LCC经验的优先；', '查看更多']",2017/3/21,中华英才网
,,,,,,,,,,,,,,,,,,
前海人寿湖北分公司中南营业部,数据分析,NULL,NULL,NULL,保险,上市公司,NULL,500人以上,NULL,武汉 武昌,4000-6000,"['年终奖', '绩效奖金', '五险一金', '带薪年假', '带薪病假', '定期体检', '员工培训', '员工旅游', '节日福利', '地处繁华商圈', '优秀人才多', '晋升空间大', '帅哥美女多', '更多']",全职,经验1年,本科,"['职位介绍', '性别：不限', '|', '驾照：不要求', '岗位职责:', '查看更多']",2017/3/14,中华英才网
,,,,,,,,,,,,,,,,,,
路捷投资发展(上海)有限公司,数据分析,NULL,NULL,NULL,消费品食品/饮料/烟酒/日化,其他,NULL,101－300人,NULL,杭州,4001-6000,"['五险一金', '带薪年假', '节日福利']",全职,经验1年,其他,"['职位介绍', '性别：不限', '|', '驾照：不要求', '岗位职责:', ' ', ' 1、负责相关销售渠道数据的收集、整理、统计；并提供每日、每周、每月的数据报表； ', ' ', ' ', ' 2、根据运营需求组织数据，进行统计分析和报表设计； ', ' ', ' ', ' 3、制定各种数据表格，并对各项数据进行分析整理及各种数据的汇总工作，核对相关数据，定期总结并制作当月销售的分析报告； ', ' ', ' ', ' 4、提供常规性数据监控，完成上级领导安排的其它工作任务。', ' ', ' 任职要求：', ' ', ' 1、大专以上学历，一年以上数据分析工作经验； ', ' ', ' ', ' 2、对数字敏感，具有较强的数据分析能力，善于制作各类报表； ', ' ', ' ', ' 3、熟练使用各类办公软件，如PPT、EXCEL等； ', ' ', ' ', ' 4、有较好的语言表达能力、沟通能力及执行能力。', ' ', ' ', ' ', '查看更多']",2017/2/22,中华英才网
,,,,,,,,,,,,,,,,,,
"	河北云漫计算机科技有限公司",数据分析工程师,NULL,NULL,NULL,计算机服务,民营/私企,NULL,20人以下,NULL,石家庄 裕华区,4000-6000,"['年终奖', '绩效奖金', '商业保险', '带薪年假', '话费补贴', '交通补贴', '差旅补贴', '员工旅游', '节日福利', '定期体检', '员工培训', '晋升空间大', '更多']",全职,经验应届生,大专,"['职位介绍', '性别：不限', '|', '驾照：不要求', '岗位职责:', '1. 参与设计客户要求的大数据/数据分析系统，参与撰写相关方案；', '2. 相关大数据/数据分析系统的讲解、测试工作；', '3. 大数据/数据分析系统环境的维护、调优以及搭建；', '4. 根据业务需要，跟踪大数据技术领域趋势并能结合实际业务应用。', '任职要求：', '1. 专科及以上学历，计算机/信息管理/企业管理等相关专业毕业；', '2. 对企业数据、信息管理、数据分析等有相关理解；', '3. 对大数据技术有浓厚兴趣者优先', '查看更多']",error,中华英才网
,,,,,,,,,,,,,,,,,,
南京软航信息科技有限公司,大数据分析,NULL,NULL,NULL,计算机软件,民营/私企,NULL,301－500人,NULL,南京 雨花台,7000-10000,"['绩效奖金', '项目奖金', '五险一金', '带薪年假', '定期体检', '员工培训', '员工旅游', '节日福利', '工作内容有趣', '优秀人才多', '领导易相处', '更多']",全职,经验应届生,本科,"['职位介绍', '性别：不限', '|', '驾照：不要求', '岗位职责:', '1、应、往届数学，统计学，计算机、信息、软件、电子技术、自动化、电子商务等相关专业及理工科的专、本科学生，有项目经验者优先。', '2、对编程感兴趣，有志于在IT行业发展。', '3、有计算机语言基础，如：JAVA、C语言、C++、C#、.Net、ASP、JSP、PHP、HTML等。', '任职要求：', '1，二本及以上学历，数学，统计学优先，计算机及其相关专业。', '2，能接受公司4~5个月的内部岗前实训。', '3,扎实的数学功底与良好的逻辑思维。', '4,就业地点南京。', '5.英语水平CET4及以上。', '江苏航软集团南京分公司，参与江苏大数据产业联盟计划。所有来公司参见实训的学员，经南京邮电大学博士4~6个月的指导，一经考核后，及可获得由国家  工信部  颁发 大数据职业技术证书，成为中国本土大数据元老。 目前只有本公司获得审核并颁发此证的资格。', '待遇非常优厚。非诚勿扰！', '详情可致电公司电话咨询，或直接到公司详谈。', '查看更多']",2017/3/21,中华英才网
,,,,,,,,,,,,,,,,,,
沈阳合众麦投广告传媒有限公司,数据分析员,NULL,NULL,NULL,移动互联网,民营/私企,NULL,21－50人,NULL,沈阳 和平区,面议,"['五险一金', '节日福利', '员工旅游']",全职,经验1年,大专,"['职位介绍', '性别：不限', '|', '驾照：不要求', '岗位职责:', '负责业务数据分析，监控业务指标运行情况，以月/季/年为单位定期提供运营分析数据图表，提供预测预警和针对性策略建议；', '2.', '负责业务数据管理，进行客户、产品、市场、能效等维度的分析并提供合理对策，跟踪所实施的市场活动，整理形成定期效果分析报告；', '3.', '建立完善的产品、市场、培训等部门与业务团队的沟通反馈机制，了解业务相关的各类信息动态，定期收集整理并提供决策指引；', '4.', '定期监控收集竞争对手产品、市场、销售等情报，并进行调研分析，针对性给出策略建议；', '任职要求：1.', '数学、应用统计学、经济学等相关专业技能，运营、分析相关岗位工作经验1年以上；', '2.', '对数字敏感，了解数据模型和经营分析的通用方法论，对日常数据的进度分析和问题预警；', '3.', '结构化逻辑思维能力，缜密的分析总结能力；', '4.', '沟通表达力较强，积极主动乐观，有良好的团队合作意识；', '查看更多']",2017/3/21,中华英才网
,,,,,,,,,,,,,,,,,,
济南餐赢餐饮管理有限公司,数据分析师,NULL,NULL,NULL,电子商务,上市公司,NULL,500人以上,NULL,济南 历城区,3000-6000,"['绩效奖金', '带薪病假', '带薪年假', '定期体检', '弹性工作', '节日福利', '员工旅游', '员工培训', '地处繁华商圈', '办公室漂亮', '帅哥美女多', '晋升空间大', '办公装备高档', '更多']",全职,经验1年,本科,"['职位介绍', '性别：不限', '|', '驾照：不要求', '岗位职责:', '     1.热爱本职工作，具有高度的责任心和忘我的工作精神，爱岗敬业，工作认真细致，能认真完成公司交给的各项工作任务；', '    2.要求掌握较深的业务知识和计算机应用知识，能用行业各种应用软件进行各种数据分析和综合数据处理，加工成有用的信息提供领导进行决策；', '    3.负责本公司各部门数据的收集、传递(主要是上报)和管理工作，对各部门上报的信息数据，要做好详细的“数据传递纪录”，对未按时间要求漏报和数据有误的部门要及时督促，每月将各部门数据上报情况通报一次;', '     4.负责公司数据分析，通过监控及分析，推动各部门的改进，运营调整；', '任职要求：', '     1、统计学、应用数学、计算机等相关专业，本科及以上学历；\xa0', '     2、熟练掌握多种统计和挖掘方法，熟练使用SPSS、SAS等相关数据分析软件；\xa0', '     3、较强的数据敏感度，逻辑分析能力和文档写作能力；\xa0', '     4、有责任心，良好的沟通能力和组织管理能力以及心理承受能力，勇于接受挑战；\xa0', '     5、构建业务数据分析体系，帮助确定各项业务数据指标；\xa0', '查看更多']",2017/3/21,中华英才网
,,,,,,,,,,,,,,,,,,
长沙中软计算机系统服务有限公司,数据分析工程师/助理- 移动应用商城,NULL,NULL,NULL,计算机软件,上市公司,NULL,500人以上,NULL,长沙 岳麓区,4000-6000,"['商业保险', '带薪病假', '定期体检', '弹性工作', '优秀人才多', '领导易相处', '办公室漂亮', '年终奖', '员工旅游', '五险一金', '带薪年假', '晋升空间大', '绩效奖金', '节日福利', '更多']",全职,经验应届生,大专,"['职位介绍', '性别：不限', '|', '驾照：不要求', '岗位职责:', '1、分析每日、每周和每月的运营数据；', '2、通过用户行为数据建模、分析用户特征等，为业务决策提供参考； ', '3、负责数据分析体系的不断优化。', '任职要求：', '1、计算机、统计学、数学等相关专业，大专及以上学历；', '2、熟悉各种分析理论和方法；', '3、具备良好的交流沟通能力、逻辑思维能力和创新能力。', '福利待遇：', '1、公司实行双休制，严格按照国家法定节假日休假。', '2、正式入职可享受带薪休假(年假、婚假、丧假、产假、病假)。', '查看更多']",2017/3/21,中华英才网
,,,,,,,,,,,,,,,,,,
西安中软卓越信息技术有限公司,大数据分析助理/实习生 （地铁调度方向）,NULL,NULL,NULL,计算机软件,上市公司,NULL,500人以上,NULL,西安 碑林区,4000-6000,"['绩效奖金', '弹性工作', '晋升空间大', '话费补贴', '五险一金', '商业保险']",全职,经验应届生,大专,"['职位介绍', '性别：不限', '|', '驾照：不要求', '岗位职责:', '1、负责客户、产品数据挖掘需求的沟通、收集、整理。', '2、负责海量样本数据的提取，分析，挖掘，定期编写分析报告，并汇报给相关人员。', '3、与大数据技术人员配合，协助将相关分析方法进行技术实现。', '任职要求：', '1、专业不限，计算机或其他相关理工科专业优先，全日制统招专科及以上学历，成绩优秀      2016、2017届毕业生优先考虑。', '2、对互联网有着浓厚的兴趣，富有团队精神并具创造力。', '3、有较强的沟通能力、严谨的逻辑思维以及数据敏感性。', '4、具备良好的时间管理、规划执行力。\xa0', '5、经验不限，了解软件编程语言优先。', '查看更多']",2017/3/21,中华英才网
,,,,,,,,,,,,,,,,,,
合肥链家宝业房地产经纪有限公司,数据分析,NULL,NULL,NULL,中介服务,民营/私企,NULL,500人以上,NULL,合肥 政务区,3000-4000,"['绩效奖金', '年终奖', '五险一金', '带薪年假', '节日福利', '员工培训', '晋升空间大', '地处繁华商圈']",全职,经验1年,本科,"['职位介绍', '性别：不限', '|', '驾照：不要求', '岗位职责:', '1.负责平台规则与链家标准的宣导与落地； ', '2.负责核心业务资源的监督与质量管理；', '3.负责内部数据分析及审查。', ' ', '任职要求：', '1.统招本科及以上学历； ', '2.熟练使用办公软件，如EXCEL/PPT/Photoshop； ', '查看更多']",2017/3/21,中华英才网
,,,,,,,,,,,,,,,,,,
青岛盛世锦蓝贸易有限公司,销售数据分析,NULL,NULL,NULL,其他行业,民营/私企,NULL,21－50人,NULL,青岛 市南区,3000-5000,[],全职,,大专,"['职位介绍', '性别：不限', '岗位职责:', '查看更多']",2017/3/20,中华英才网
,,,,,,,,,,,,,,,,,,
东莞市以纯集团有限公司,数据分析专员,NULL,NULL,NULL,消费品家具/家居,其他,NULL,101－300人,NULL,东莞,4500-5999,"['餐饮补贴', '节日福利']",全职,,本科,"['职位介绍', '性别：不限', '|', '驾照：不要求', '岗位职责:', '查看更多']",2017/2/13,中华英才网
,,,,,,,,,,,,,,,,,,
厦门特步投资有限公司,数据分析,NULL,NULL,NULL,消费品家具/家居,其他,NULL,101－300人,NULL,哈尔滨,2001-4000,['带薪病假'],全职,经验1年,其他,"['职位介绍', '性别：不限', '|', '驾照：不要求', '岗位职责:', ' 1、负责对商品运营数据进行量化分析，根据分析结果提供商品运营优化方案；', ' 2、对运营进行指标跟进；', ' 3、独立完成数据分析报表；', ' 4、销售结果、目标达成、店铺运营指标等方向提供数据分析，并根据分析结果提出建设性意见；', ' 任职要求：', ' 1、统招本科及以上学历，应用数学、统计学等相关专业 ', ' 2、有2年以上数据分析相关类工作，财务、市场营销、货品调拨零售行业相关工作经验优先考虑。 ', ' 3、熟练使用数据统计分析软件及Excel办公软件 ', ' 4、具备良好的逻辑分析能力及数据统计分析能力', ' ', '查看更多']",2017/2/22,中华英才网
,,,,,,,,,,,,,,,,,,
大连现代服饰有限公司,数据分析师,NULL,NULL,NULL,消费品,其他,NULL,101－300人,NULL,大连,2001-4000,"['五险一金', '节日福利']",全职,经验3年,大专,"['职位介绍', '性别：不限', '|', '驾照：不要求', '岗位职责:', ' 1、要求具有三年以上相关管理 经验，专科以上学历。', ' 2、精通数据报表的制作，精通excel的使用。', ' 3、会解读数据，将数据和信息结合，进行数据分析。', ' ', ' ', ' ', ' ', '查看更多']",2017/2/23,中华英才网
,,,,,,,,,,,,,,,,,,
吉林省锐迅信息技术股份有限公司,大数据分析工程师,NULL,NULL,NULL,IT/互联网计算机软件,其他,NULL,101－300人,NULL,长春,6001-8000,"['五险一金', '绩效奖金', '股票期权', '带薪年假', '节日福利', '话费补贴']",全职,经验1年,其他,"['职位介绍', '性别：不限', '|', '驾照：不要求', '岗位职责:', ' 1、进行政务和商业大数据需求分析，数据采集、存储、集成、预处理，利用大数据分析算法构建分析模型，对分析结果进行可视化展示。', ' 2、为公司项目提供数据支持、数据决策分析、支持公司战略决策的数据分析。', ' 3、沉淀分析思路与框架，探索并归纳各项行业数据及指标，了解同行业发展潮流指向及数据情况，构建数据分析体系、推动数据化运营工作；提炼数据产品需求，推动数据产品落地。', ' ', ' 任职要求：', ' 1、熟悉统计以及数据挖掘、机器学习、人工智能技术，尤其是关联分析、分类预测、聚类分析、回归分析、时间序列分析等常用分析方法，了解SAS、SPSS等软件，了解Mahout、R等软件包和语言。', ' 2、熟悉传统关系数据库、数据仓库技术，了解数据预处理技术、数据集成技术、了解Hadoop（包括HDFS、Map-Reduce、HBase、HIVE等）和Spark集群相关技术。', ' 3、熟悉JAVA/Python/C++程序设计，至少精通其中一种。', ' ', '查看更多']",2016/12/8,中华英才网
,,,,,,,,,,,,,,,,,,
中山市翰锋照明有限公司,数据分析,NULL,NULL,NULL,政府/非赢利机构/其他其他行业,其他,NULL,101－300人,NULL,中山,3月4日,"['五险一金', '餐饮补贴', '员工培训', '绩效奖金', '员工旅游']",全职,,大专,"['职位介绍', '性别：不限', '|', '驾照：不要求', '岗位职责:', '查看更多']",2017/2/16,中华英才网
,,,,,,,,,,,,,,,,,,
工银安盛人寿保险有限公司佛山中心支公司,数据分析,NULL,NULL,NULL,保险,合资,NULL,500人以上,NULL,佛山 禅城区,6000-8000,"['五险一金', '绩效奖金', '商业保险', '节日福利', '员工旅游', '员工培训', '弹性工作']",全职,经验1年,大专,"['职位介绍', '年龄：25-45岁', '|', '性别：不限', '|', '驾照：不要求', '岗位职责:', '岗位职责：', '1、负责公司营销产品的数据收集、统计、分析。', '2、对各类报表进行规范与统筹', '3、具有服务意思，了解客户，维护客户', '任职资格：', '1. 拥有积极的工作心态，具备较好的人际沟通能力、具有较强的服务意识', '2.具有耐性，勇于挑战自我，有较强的成就动机', '3. 专科及以上学历', '工作地址：佛山市禅城祖庙路46号华辉大厦2406室', '查看更多']",2017/3/21,中华英才网
,,,,,,,,,,,,,,,,,,
南宁市龙光世纪房地产有限公司,数据分析工程师（销售数据分析）,NULL,NULL,NULL,政府/非赢利机构/其他其他行业,其他,NULL,101－300人,NULL,南宁,2月2日,"['五险一金', '带薪年假']",全职,,大专,"['职位介绍', '性别：不限', '|', '驾照：不要求', '岗位职责:', ' 2、大专及以上学历；', ' 3、专业不限；', ' 4、24―40以内，了解房产销售工作；', ' 5、喜欢数据分析工作，了解销售报表数据统计、分析；', ' 6、熟悉房产行情数据统计、分析。', ' 职责要求', ' 1、统计销售数据、分析；', ' 2、进行客户类型分类统计、分析；', ' 3、了解南宁市及全国房产销售情况数据收集、统计、分析。', ' ', '查看更多']",2017/2/23,中华英才网
,,,,,,,,,,,,,,,,,,
公安部交通管理科学研究所,数据分析,NULL,NULL,NULL,交通/运输,事业单位,NULL,301－500人,NULL,无锡 滨湖,8000-16000,"['年终奖', '差旅补贴', '住房补贴', '带薪年假', '员工培训', '优秀人才多']",全职,经验1年,硕士,"['职位介绍', '性别：不限', '|', '驾照：不要求', '岗位职责:', '负责道路交通事故数据及交通安全相关数据统计分析工作', '任职要求：', '1、硕士研究生及以上学历；', '2、统计、数学、计算机等相关专业；', '3、熟练应用Excel软件，熟悉SPSS、SAS等统计分析工具软件，熟悉Oracle数据库和SQL语言编程；', '4、对数据与事故分析业务方面有足够敏感性，有较强的逻辑分析能力，有较强的独立思考能力和沟通能力；', '5、具有事故数据分析工作经验和海外留学经历的优先。', '查看更多']",2017/3/21,中华英才网
,,,,,,,,,,,,,,,,,,
贵州三方社会稳定风险评估咨询中心,数据分析员,NULL,NULL,NULL,其他行业,民营/私企,NULL,301－500人,NULL,贵阳 南明区,3000-5000,"['年终奖', '绩效奖金', '带薪年假', '交通补贴', '餐饮补贴', '定期体检', '帅哥美女多', '地处繁华商圈', '领导易相处']",全职,经验1年,本科,"['职位介绍', '性别：不限', '|', '驾照：不要求', '岗位职责:', '岗位职责（包括但不限于以下几项）：', '1、负责日常数据平台的监控、管理、基础数据的统计和处理，报表的维护；', '2、能够独立完成各项数据统计分析；', '4、配合开展与项目运营相关的工作事项；', '5、开发并持续完善各项业务数据的统计模型；', '6、完成上级交办的其他各项事务。', '任职要求：', '1、学历专业要求：大学本科及以上学历，统计学、数学、计算机科学与技术、社会学、计量心理学等相关专业及有相关工作经验者优先；', '2、对数据敏感，具备良好的数据分析能力，逻辑推理能力和预测能力，注重细节、严谨；', '3、熟悉统计分析、数据挖掘，熟悉SPSS、SAS、EXCEL等统计分析软件；', '查看更多']",error,中华英才网
,,,,,,,,,,,,,,,,,,
宁波中哲文墨电子商务有限公司,数据分析专员,NULL,NULL,NULL,移动互联网,其他,NULL,101－300人,NULL,宁波,5月6日,"['节日福利', '带薪年假', '五险一金', '免费班车', '节日福利', '交通补贴', '餐饮补贴', '节日福利']",全职,,本科,"['职位介绍', '性别：不限', '|', '驾照：不要求', '岗位职责:', ' 3、需对公司各推广渠道的效果进行数据支撑，包括建议和评估工作，确保推广效果', ' 4、负责各类数据及报表的备份，做好归档、保管工作，做好信息数据保密工作', ' 任职资格：', ' 1、大专及以上学历，统计学、数学等相关专业者优先', ' 2、具有很强的逻辑和数据分析能力，有数据分析经验者优先', ' 3、熟练使用办公软件（OFFICE/EXCEL/PPT /PDF）,擅长PPT及Photoshop等设计软件', ' 4、良好的沟通能力和团队协作精神', ' 5、热爱并有志于从事数据挖掘和分析工作', '查看更多']",2017/2/23,中华英才网
,,,,,,,,,,,,,,,,,,
福州市必达网络科技有限公司,数据分析师,NULL,NULL,NULL,数据服务,民营/私企,NULL,21－50人,NULL,福州 晋安区,面议,"['年终奖', '绩效奖金', '项目奖金', '工作内容有趣', '五险一金', '晋升空间大', '领导易相处']",全职,经验1年,本科,"['职位介绍', '性别：不限', '|', '驾照：不要求', '岗位职责:', '1、与IT部门，管理部门，数据科学家(Data Scientist)合作，决定整个公司的团队目标', '2、从primary research和secondary research中收集提取数据', '3、清理和选取数据，去除无关信息', '4、熟悉使用统计软件和其他技术分析和解读数据', '5、总结数据里的趋势或相关性', '6、为过程改进发现潜在机会并提出可行建议', '7、提供准确的数据分析和可视化报告', '8、创建并管理维持数据库', '9、修改代码相关的问题', '任职资质：', '1、具备统计学基本知识，了解machine learning；', '2、精通数据分析软件和各种数据库系统；', 'A）查询语言(Querying Language)：SQL; Hive; Pig', 'B）脚本编程语言(Scripting Language)：Python; Matlab', 'C）统计语言(Statistical Language)：R; SAS; SPSS', 'D）数据表(Spreadsheet)：Excel', '3、明确问题关键，能将复杂的问题去掉细枝末节，抓住重点；', '4、良好的沟通能力和对商业需求的充分理解能力；', '5、了解用户，将专业术语转化为商业语言，掌握data visualization相关技能；', '查看更多']",2017/3/20,中华英才网
,,,,,,,,,,,,,,,,,,
山西易购服饰有限公司,数据分析,NULL,NULL,NULL,消费品家具/家居,其他,NULL,101－300人,NULL,太原,2001-4000,"['绩效奖金', '年终奖', '节日福利', '话费补贴', '带薪年假']",全职,经验1年,大专,"['职位介绍', '性别：不限', '|', '驾照：不要求', '岗位职责:', ' 1.负责日/周/月/季/年度报表制作与分流', '2.负责公司日常销售数据分析为决策提供数据支持 ', ' ', ' 任职要求：', ' 对数据敏感，', '能独立完成数据分析并提出解决方案，', '有服装数据分析经验者优先。 ', ' ', '查看更多']",2017/2/7,中华英才网
,,,,,,,,,,,,,,,,,,
郑州海宏环保科技有限公司,空气质量数据分析师,NULL,NULL,NULL,政府/非赢利机构/其他环保,其他,NULL,101－300人,NULL,保定,4001-6000,"['五险一金', '话费补贴', '节日福利', '员工旅游', '带薪年假']",全职,经验1年,本科,"['职位介绍', '性别：不限', '|', '驾照：不要求', '岗位职责:', ' 1、分析整理现有数据库，关注企业运营平台数据变化；', ' 2、根据项目需求,提供本业务模型所需要的数据支撑工作；', ' 3、负责企业项目相关报告材料的基础编写工作；', ' 4、上级交代的其他一些临时性工作。', ' 任职要求：', ' 1、男女不限、本科及以上学历，统计学、信息管理与信息系统、数学与计算数学、大气物理、环境工程、化学工程等相关专业优先考虑；', ' 2、具有一定的数据分析能力，有企业数据分析、数据可视化经验者优先，优秀应届毕业生也可；', ' 3、熟悉基本办公软件（word、ppt、excel）；', ' 4、做事认真，责任心强，具有一定的学习能力。', '本岗位工作地点在河北定兴县，投递简历请看清工作地址', '查看更多']",2017/2/23,中华英才网
,,,,,,,,,,,,,,,,,,
北京风行盛世文化传播有限公司,运营专员（数据分析）,NULL,NULL,NULL,IT/互联网移动互联网,其他,NULL,101－300人,NULL,南昌,2001-4000,"['五险一金', '话费补贴', '带薪年假', '弹性工作', '定期体检']",全职,经验1年,其他,"['职位介绍', '性别：不限', '|', '驾照：不要求', '岗位职责:', ' 1. 准确接收任务相关信息，核对、校准任务地址；', ' 2. 拆分任务并与数据部门沟通、确认发布拆分内容；', ' 3. 向客服部传达任务信息，确保任务发布的准确性；', ' 4. 每日跟进任务完成进度，督促客服部跟进任务执行进度；', ' 5. 统计并解读接收到的数据与图片信息，完成解析报告并提交至数据部门；', ' 6. 领导交代的其他工作。', ' 任职要求：', ' 1. 专科以上学历，有一定的逻辑思维，热爱互联网工作；', ' 2. 熟练使用EXCEL、PPT等OFFICE办公软件；', ' 3. 对数字敏感，责任心强，细心耐心，对数据分析有浓厚的兴趣；', ' 4. 普通话标准，口齿清晰，沟通、执行能力强，工作积极主动，有一定的抗压能力；', ' 5. 本岗位欢迎优秀应届毕业生前来应聘（学习能力强者可放宽学历要求）。', ' ', '查看更多']",2017/2/23,中华英才网
,,,,,,,,,,,,,,,,,,
厦门阿唯得企业管理有限公司,数据分析,NULL,NULL,NULL,政府/非赢利机构/其他其他行业,其他,NULL,101－300人,NULL,厦门,2001-4000,['带薪年假'],全职,经验1年,大专,"['职位介绍', '性别：不限', '|', '驾照：不要求', '岗位职责:', '1. 专科或以上学历；', '2. 统计学、数学或计算机等相关专业优先，有参加过数学建模比赛者优先；', '3.对数据敏感，热爱数据分析工作，了解数据统计和分析的基本理论，能熟练使用WORD、EXCEL和PPT； ', '4. 具备良好的逻辑思维能力、学习创新能力，有较强的沟通能力、优秀的团队合作精神，能承受工作压力', ' 工作职责：', '1.收集服装行业外部数据，进行数学建模和数据分析，根据需求提供常规性监控和数据分析报告（周报和月报等）；', '2. 运用数据分析和挖掘技术，发现有价值的信息，帮助运营部门改进，更好的满足顾客需求。', '3、按时收集并提取周、月、季度、年度数据，并提供数据分析依据； ', '4、完善分析报表体系的建立，并推动落地执行。 ', '5、负责各部门的数据统筹与分析，并依据部门规划完成相关报告资料。 ', '6、完成公司交办的其它工作。', ' ', '查看更多']",2017/2/23,中华英才网
,,,,,,,,,,,,,,,,,,
蓝豹股份有限公司,数据分析-管理培训生,NULL,NULL,NULL,政府/非赢利机构/其他其他行业,其他,NULL,101－300人,NULL,常州,3月3日,"['带薪年假', '五险一金', '免费班车', '节日福利', '餐饮补贴']",全职,,本科,"['职位介绍', '性别：不限', '|', '驾照：不要求', '岗位职责:', '查看更多']",2017/2/23,中华英才网
,,,,,,,,,,,,,,,,,,
珠海智邦信息技术有限公司,大数据分析/需求分析工程师 (职位编号：07),NULL,NULL,NULL,政府/非赢利机构/其他其他行业,其他,NULL,101－300人,NULL,珠海,8000-12000,"['五险一金', '员工旅游', '交通补贴', '绩效奖金', '年终奖', '定期体检']",全职,,大专,"['职位介绍', '性别：不限', '|', '驾照：不要求', '岗位职责:', '查看更多']",2017/2/23,中华英才网
,,,,,,,,,,,,,,,,,,
山东海文信息技术有限公司烟台分公司,互联网大数据分析师,NULL,NULL,NULL,计算机软件,合资,NULL,500人以上,NULL,烟台 芝罘区,4000-6000,"['话费补贴', '绩效奖金', '年终奖', '五险一金', '带薪年假', '员工旅游', '节日福利']",全职,经验应届生,大专,"['职位介绍', '性别：不限', '|', '驾照：不要求', '岗位职责:', '1、 会利用通用的大数据分析工具采集、分析、总结互联网相关数据；', '2 、监控整理日常数据，为项目提供专业的数据分析报告；', '3、 具有一定的网络基础知识。', ' 任职要求：', '1、 大专及以上学历，数学，统计，计算机专业优先，可接受应届毕业实习生；', '2、 熟练使用office相关软件，尤其是PPT和word；', '3 、有在大型互联网公司工作经验者优先考虑；', '4、网站发展中涉及到的视频处理和片头动画。', ' 薪资待遇：', '1、在成熟的运营管理机制下，为在职员工提供入职前带薪岗前培训；', '2、试用期：3个月，优秀者可提前转正；', '3、正式入职可享有月薪不低于4000-6000元/月收入，三年内平均年薪十万以上；', '4、公司工作环境优雅、氛围好，同事关系融洽，生日派对、聚餐等活动丰富；', '5、公司注重员工培养，给予晋升机会，管理层主要在员工中培养、提拔。', ' 工作时间：早8：30-17：:30 ，双休，提供住宿，法定假日按国家规定执行！', '4、年龄要求18-28周岁，不符勿扰。', '查看更多']",2017/3/21,中华英才网
,,,,,,,,,,,,,,,,,,
云南六心经贸有限公司,数据分析,NULL,NULL,NULL,政府/非赢利机构/其他其他行业,其他,NULL,101－300人,NULL,昆明,3000-4499,['员工培训'],全职,,大专,"['职位介绍', '性别：不限', '|', '驾照：不要求', '岗位职责:', '查看更多']",2017/2/8,中华英才网
,,,,,,,,,,,,,,,,,,
海南海航航空销售有限公司,数据分析师,NULL,NULL,NULL,IT/互联网移动互联网,其他,NULL,101－300人,NULL,海口,4001-6000,"['五险一金', '带薪年假', '定期体检', '节日福利']",全职,经验1年,本科,"['职位介绍', '性别：不限', '|', '驾照：不要求', '岗位职责:', ' 1、完成ＩＴ系统关键数据的收集与挖掘，建立公司IT的统计报表体系，为领导决策做好支撑工作；', ' 2、监控公司IT 系统运营指标，就发现的问题提交可能性报告和可行性建议；', ' 3、控制公司数据采集和数据转换过程中的风险，持续改进数据内容，提升数据品质;', ' 4、维护数据采集系统及设备；', ' 5、结合工作中存在的问题向系统开发工程师提出督察报表功能需求并不断完善；', ' 任职要求：', ' 1、学历：本科及以上学历（本科院校为211或985）。', ' 2、专业：统计、数学、计算机类专业。', ' 3、外语水平：大学英语六级（含）以上（或托业、雅思或托福同等水平）。', ' 4、具有1年以上数据需求分析经验。可对各项业务数据的统计分析模型进行简单分析。', ' 5、能独立完成任务数据源管理、数据分析报告编制等工作。', ' 6、掌握办公OA系统，微软OFFICE系统、oracle、spss、SOL sever等系统相关操作，了解结算系统，熟悉数据采集系统。', ' 7、对数据敏感，思维敏捷，逻辑性、工作统筹能力、学习能力强，善于沟通，表达能力强。', '查看更多']",2017/2/4,中华英才网
,,,,,,,,,,,,,,,,,,
博康智能信息技术有限公司,数据分析师-智慧企业项目部！工作地点：廊坊！,NULL,NULL,NULL,IT/互联网运营商/增值服务,其他,NULL,101－300人,NULL,廊坊,10001-15000,"['五险一金', '带薪年假', '定期体检', '员工旅游', '节日福利', '节日福利']",全职,经验5年,本科,"['职位介绍', '性别：不限', '|', '驾照：不要求', '岗位职责:', ' 1、识别分析管理层、业务层的数据需求，并根据需求设计分析模型和报表体系 ;', '2、能够提炼分析经营过程实施监测分析需求 ;', '3、根据数据分析需求，分析信息采集的渠道 ;', '4、评估数据质量管控和数据分析应用现状，定义业务分析体系及监控指标 .', ' 任职要求：', ' 1、计算机、统计、数学、财务等相关专业本科及以上学历,5年以上 工作经验;', ' 2、熟悉企业基本运营模式和关键经营管理流程与制度;', '3、了解公司业务信息系统数据架构 ;', '4、了解数据ETL即加工、整合和分析流程 ;', '5、具有业务单元或专业职能部门分析工作;', ' 6、具备较强的数据解读能力，业务沟通能力 ;', '7、熟悉燃气业务并有统计或管理经验者优先 ;', '8、有行业或企业报表系统开发经验者优先 .', '查看更多']",2016/12/8,中华英才网
,,,,,,,,,,,,,,,,,,
山东极优信息科技有限公司,数据分析工程师,NULL,NULL,NULL,IT/互联网移动互联网,其他,NULL,101－300人,NULL,潍坊,5000-6700,"['住房补贴', '话费补贴', '住房补贴', '定期体检', '员工旅游', '节日福利', '节日福利']",全职,经验1年,本科,"['职位介绍', '性别：不限', '|', '驾照：不要求', '岗位职责:', ' （1）协助搭建公司数据分析体系，根据实际业务需求，梳理数据分析业务的节点和流程；', ' （2）协助完善BI数据分析模块功能，协调对接各部门，整理对BI数据分析模块的需求，对接BI开发人员进行开发、跟进、测试、验收等；', ' （3）进行公司各平台相关数据的收集、清洗、整理、建模分析，输出分析报告，协助公司高层和运营部门决策；', ' （4）负责相关专业领域的基础信息搜集、整理，定性分析或定量分析，形成专业研究报告；', ' （5）依据管理层或其他部门提出的需求，进行专项分析。（例如：本月销量下滑原因分析等）。', ' 2、岗位要求', ' （1）本科及以上学历，数学、统计学、信息管理、计算机等相关专业，2年及以上数据分析工作经验；', ' （2）熟练掌握统计基础知识，了解数据分析的常用方法；', ' （3）了解Oracle数据库，能熟练使用常用sql语句；', ' （4）熟练使用Excel数据透视图、常用公式等制作报表或SPSS等统计分析软件；', '（5）有电商类平台统计分析工作经验者优先。', '查看更多']",2017/2/20,中华英才网
,,,,,,,,,,,,,,,,,,
三生(中国)健康产业有限公司,销售数据分析,NULL,NULL,NULL,其他行业,民营/私企,NULL,21－50人,NULL,乌鲁木齐 天山区,5000-8000,[],全职,,,"['职位介绍', '性别：不限', '岗位职责:', '查看更多']",2017/3/21,中华英才网
,,,,,,,,,,,,,,,,,,
内蒙古宇行信息科技有限公司,遥感数据分析,NULL,NULL,NULL,电子商务,民营/私企,NULL,21－50人,NULL,呼和浩特 新城区,3000-5000,"['交通补贴', '餐饮补贴', '话费补贴', '五险一金', '绩效奖金', '差旅补贴', '节日福利', '领导易相处', '晋升空间大']",全职,经验2年,本科,"['职位介绍', '性别：不限', '|', '驾照：不要求', '岗位职责:', '任职要求：本科及以上学历。', '查看更多']",2017/1/21,中华英才网
,,,,,,,,,,,,,,,,,,
徐州奇派网络科技有限公司,数据分析助理,NULL,NULL,NULL,IT/互联网,其他,NULL,101－300人,NULL,徐州,2000-3500,"['员工旅游', '员工培训', '绩效奖金', '弹性工作', '定期体检']",全职,,本科,"['职位介绍', '性别：不限', '|', '驾照：不要求', '岗位职责:', '查看更多']",2017/2/16,中华英才网
,,,,,,,,,,,,,,,,,,
兰州亿盛体育用品有限公司,销售数据分析,NULL,NULL,NULL,政府/非赢利机构/其他,民营/私企,NULL,101－300人,NULL,兰州 城关区,3000-5000,"['住房补贴', '话费补贴']",全职,,,"['职位介绍', '性别：不限', '岗位职责:', '查看更多']",2017/2/13,中华英才网
